LoadRatio,sum,count,pass_rate
0.2,4,6,0.6666666666666666
0.35,4,6,0.6666666666666666
0.5,3,6,0.5
0.75,3,6,0.5
1.0,6,6,1.0
